{"stat.flyOneCm":136798,"stat.deaths":3,"stat.walkOneCm":14781,"stat.useItem.minecraft.cobblestone_wall":7,"stat.useItem.minecraft.stone_slab":39,"stat.jump":13,"stat.playOneMinute":12298,"stat.fallOneCm":1543,"stat.leaveGame":2,"stat.damageTaken":330,"stat.useItem.minecraft.stone_brick_stairs":18,"stat.damageDealt":215,"stat.crouchOneCm":336,"stat.enderchestOpened":1,"stat.timeSinceDeath":153,"stat.sprintOneCm":5248,"stat.useItem.minecraft.stonebrick":59,"achievement.exploreAllBiomes":{"value":0,"progress":["Plains"]},"stat.useItem.minecraft.fence":49,"stat.useItem.minecraft.sandstone":19}